{
  "v": "4.8.0",
  "meta": { "g": "LottieFiles AE 3.5.8", "a": "", "k": "", "d": "", "tc": "" },
  "fr": 30,
  "ip": 0,
  "op": 65,
  "w": 620,
  "h": 620,
  "nm": "Correct",
  "ddd": 1,
  "assets": [
    {
      "id": "comp_0",
      "layers": [
        {
          "ddd": 1,
          "ind": 1,
          "ty": 4,
          "nm": "Ellipse 82",
          "sr": 1,
          "ks": {
            "o": { "a": 0, "k": 100, "ix": 11 },
            "rx": { "a": 0, "k": 0, "ix": 8 },
            "ry": { "a": 0, "k": 0, "ix": 9 },
            "rz": { "a": 0, "k": 0, "ix": 10 },
            "or": { "a": 0, "k": [0, 0, 0], "ix": 7 },
            "p": { "a": 0, "k": [180, 180, 0], "ix": 2 },
            "a": { "a": 0, "k": [0, 0, 0], "ix": 1 },
            "s": {
              "a": 1,
              "k": [
                {
                  "i": { "x": [1, 1, 1], "y": [1, 1, 1] },
                  "o": { "x": [0.167, 0.167, 0.167], "y": [0.167, 0.167, 0] },
                  "t": 0,
                  "s": [0, 0, 100]
                },
                {
                  "i": { "x": [0.667, 0.667, 0.667], "y": [1, 1, 1] },
                  "o": { "x": [0, 0, 0], "y": [0, 0, 0] },
                  "t": 11,
                  "s": [110, 110, 100]
                },
                {
                  "i": { "x": [0.833, 0.833, 0.833], "y": [1, 1, 1] },
                  "o": { "x": [0.167, 0.167, 0.167], "y": [0, 0, 0] },
                  "t": 17,
                  "s": [96, 96, 100]
                },
                { "t": 20, "s": [100, 100, 100] }
              ],
              "ix": 6
            }
          },
          "ao": 0,
          "shapes": [
            {
              "ty": "gr",
              "it": [
                {
                  "d": 1,
                  "ty": "el",
                  "s": { "a": 0, "k": [71.851, 71.885], "ix": 2 },
                  "p": { "a": 0, "k": [0, 0], "ix": 3 },
                  "nm": "Ellipse Path 1",
                  "mn": "ADBE Vector Shape - Ellipse",
                  "hd": false
                },
                {
                  "ty": "gf",
                  "o": { "a": 0, "k": 100, "ix": 10 },
                  "r": 1,
                  "bm": 0,
                  "g": {
                    "p": 3,
                    "k": {
                      "a": 0,
                      "k": [
                        0, 0.816, 0.949, 0.631, 0.5, 0.641, 0.865, 0.316, 1,
                        0.467, 0.78, 0
                      ],
                      "ix": 9
                    }
                  },
                  "s": { "a": 0, "k": [0, -35.943], "ix": 5 },
                  "e": { "a": 0, "k": [0, 35.943], "ix": 6 },
                  "t": 1,
                  "nm": "Gradient Fill 1",
                  "mn": "ADBE Vector Graphic - G-Fill",
                  "hd": false
                },
                {
                  "ty": "tr",
                  "p": { "a": 0, "k": [0, 0], "ix": 2 },
                  "a": { "a": 0, "k": [0, 0], "ix": 1 },
                  "s": { "a": 0, "k": [300, 300], "ix": 3 },
                  "r": { "a": 0, "k": 0, "ix": 6 },
                  "o": { "a": 0, "k": 100, "ix": 7 },
                  "sk": { "a": 0, "k": 0, "ix": 4 },
                  "sa": { "a": 0, "k": 0, "ix": 5 },
                  "nm": "Transform"
                }
              ],
              "nm": "Ellipse 73",
              "np": 2,
              "cix": 2,
              "bm": 0,
              "ix": 1,
              "mn": "ADBE Vector Group",
              "hd": false
            }
          ],
          "ip": 0,
          "op": 150,
          "st": 0,
          "bm": 0
        }
      ]
    }
  ],
  "layers": [
    {
      "ddd": 1,
      "ind": 1,
      "ty": 4,
      "nm": "Vector",
      "parent": 2,
      "sr": 1,
      "ks": {
        "o": {
          "a": 1,
          "k": [
            {
              "i": { "x": [0.833], "y": [0.833] },
              "o": { "x": [0.167], "y": [0.167] },
              "t": 18,
              "s": [0]
            },
            { "t": 21, "s": [100] }
          ],
          "ix": 11
        },
        "rx": { "a": 0, "k": 0, "ix": 8 },
        "ry": { "a": 0, "k": 0, "ix": 9 },
        "rz": { "a": 0, "k": 0, "ix": 10 },
        "or": { "a": 0, "k": [0, 0, 0], "ix": 7 },
        "p": { "a": 0, "k": [180.574, 185.724, 0], "ix": 2 },
        "a": { "a": 0, "k": [0, 0, 0], "ix": 1 },
        "s": { "a": 0, "k": [97.208, 97.208, 97.208], "ix": 6 }
      },
      "ao": 0,
      "shapes": [
        {
          "ty": "gr",
          "it": [
            {
              "ind": 0,
              "ty": "sh",
              "ix": 1,
              "ks": {
                "a": 1,
                "k": [
                  {
                    "i": { "x": 0.833, "y": 0.833 },
                    "o": { "x": 0.167, "y": 0.167 },
                    "t": 18,
                    "s": [
                      {
                        "i": [
                          [0, 0],
                          [-1.754, -1.755],
                          [0, 0],
                          [1.754, -1.755],
                          [0, 0],
                          [1.754, 1.755],
                          [0, 0],
                          [-1.754, 1.755]
                        ],
                        "o": [
                          [1.754, -1.755],
                          [0, 0],
                          [1.754, 1.755],
                          [0, 0],
                          [-1.754, 1.755],
                          [0, 0],
                          [-1.754, -1.755],
                          [0, 0]
                        ],
                        "v": [
                          [-20.599, -5.67],
                          [-14.249, -5.67],
                          [-11.837, -3.307],
                          [-11.837, 3.047],
                          [-13.107, 4.317],
                          [-19.458, 4.317],
                          [-21.869, 1.955],
                          [-21.869, -4.399]
                        ],
                        "c": true
                      }
                    ]
                  },
                  {
                    "i": { "x": 0.833, "y": 0.833 },
                    "o": { "x": 0.167, "y": 0.167 },
                    "t": 21,
                    "s": [
                      {
                        "i": [
                          [0, 0],
                          [-1.754, -1.755],
                          [0, 0],
                          [1.754, -1.755],
                          [0, 0],
                          [1.754, 1.755],
                          [0, 0],
                          [-1.754, 1.755]
                        ],
                        "o": [
                          [1.754, -1.755],
                          [0, 0],
                          [1.754, 1.755],
                          [0, 0],
                          [-1.754, 1.755],
                          [0, 0],
                          [-1.754, -1.755],
                          [0, 0]
                        ],
                        "v": [
                          [-20.599, -5.67],
                          [-14.249, -5.67],
                          [-0.552, 8.039],
                          [-0.552, 14.393],
                          [-1.822, 15.664],
                          [-8.173, 15.664],
                          [-21.869, 1.955],
                          [-21.869, -4.399]
                        ],
                        "c": true
                      }
                    ]
                  },
                  {
                    "i": { "x": 0.667, "y": 1 },
                    "o": { "x": 0.167, "y": 0.167 },
                    "t": 28,
                    "s": [
                      {
                        "i": [
                          [0, 0],
                          [-1.754, -1.755],
                          [0, 0],
                          [1.754, -1.755],
                          [0, 0],
                          [1.754, 1.755],
                          [0, 0],
                          [-1.754, 1.755]
                        ],
                        "o": [
                          [1.754, -1.755],
                          [0, 0],
                          [1.754, 1.755],
                          [0, 0],
                          [-1.754, 1.755],
                          [0, 0],
                          [-1.754, -1.755],
                          [0, 0]
                        ],
                        "v": [
                          [-20.599, -5.67],
                          [-14.249, -5.67],
                          [-0.552, 8.039],
                          [-0.552, 14.393],
                          [-1.822, 15.664],
                          [-8.173, 15.664],
                          [-21.869, 1.955],
                          [-21.869, -4.399]
                        ],
                        "c": true
                      }
                    ]
                  },
                  {
                    "t": 30,
                    "s": [
                      {
                        "i": [
                          [0, 0],
                          [-1.754, -1.755],
                          [0, 0],
                          [1.754, -1.755],
                          [0, 0],
                          [1.754, 1.755],
                          [0, 0],
                          [-1.754, 1.755]
                        ],
                        "o": [
                          [1.754, -1.755],
                          [0, 0],
                          [1.754, 1.755],
                          [0, 0],
                          [-1.754, 1.755],
                          [0, 0],
                          [-1.754, -1.755],
                          [0, 0]
                        ],
                        "v": [
                          [-20.599, -5.67],
                          [-14.249, -5.67],
                          [-0.552, 8.039],
                          [-0.552, 14.393],
                          [-1.822, 15.664],
                          [-8.173, 15.664],
                          [-21.869, 1.955],
                          [-21.869, -4.399]
                        ],
                        "c": true
                      }
                    ]
                  }
                ],
                "ix": 2
              },
              "nm": "Path 1",
              "mn": "ADBE Vector Shape - Group",
              "hd": false
            },
            {
              "ind": 1,
              "ty": "sh",
              "ix": 2,
              "ks": {
                "a": 1,
                "k": [
                  {
                    "i": { "x": 0.833, "y": 0.833 },
                    "o": { "x": 0.167, "y": 0.167 },
                    "t": 18,
                    "s": [
                      {
                        "i": [
                          [0, 0],
                          [1.754, -1.755],
                          [0, 0],
                          [1.754, 1.755],
                          [0, 0],
                          [-1.754, 1.755],
                          [0, 0],
                          [-1.754, -1.755]
                        ],
                        "o": [
                          [1.754, 1.755],
                          [0, 0],
                          [-1.754, 1.755],
                          [0, 0],
                          [-1.754, -1.755],
                          [0, 0],
                          [1.754, -1.755],
                          [0, 0]
                        ],
                        "v": [
                          [-12.533, -4.021],
                          [-12.533, 2.333],
                          [-13.836, 3.675],
                          [-20.187, 3.675],
                          [-21.457, 2.404],
                          [-21.457, -3.95],
                          [-20.154, -5.292],
                          [-13.803, -5.292]
                        ],
                        "c": true
                      }
                    ]
                  },
                  {
                    "i": { "x": 0.833, "y": 0.833 },
                    "o": { "x": 0.167, "y": 0.167 },
                    "t": 21,
                    "s": [
                      {
                        "i": [
                          [0, 0],
                          [1.754, -1.755],
                          [0, 0],
                          [1.754, 1.755],
                          [0, 0],
                          [-1.754, 1.755],
                          [0, 0],
                          [-1.754, -1.755]
                        ],
                        "o": [
                          [1.754, 1.755],
                          [0, 0],
                          [-1.754, 1.755],
                          [0, 0],
                          [-1.754, -1.755],
                          [0, 0],
                          [1.754, -1.755],
                          [0, 0]
                        ],
                        "v": [
                          [-0.519, 7.968],
                          [-0.519, 14.322],
                          [-1.822, 15.664],
                          [-8.173, 15.664],
                          [-9.443, 14.393],
                          [-9.443, 8.039],
                          [-8.139, 6.697],
                          [-1.789, 6.697]
                        ],
                        "c": true
                      }
                    ]
                  },
                  {
                    "i": { "x": 0.667, "y": 1 },
                    "o": { "x": 0.167, "y": 0.167 },
                    "t": 28,
                    "s": [
                      {
                        "i": [
                          [0, 0],
                          [1.754, -1.755],
                          [0, 0],
                          [1.754, 1.755],
                          [0, 0],
                          [-1.754, 1.755],
                          [0, 0],
                          [-1.754, -1.755]
                        ],
                        "o": [
                          [1.754, 1.755],
                          [0, 0],
                          [-1.754, 1.755],
                          [0, 0],
                          [-1.754, -1.755],
                          [0, 0],
                          [1.754, -1.755],
                          [0, 0]
                        ],
                        "v": [
                          [24.916, -17.441],
                          [24.916, -11.087],
                          [-1.822, 15.664],
                          [-8.173, 15.664],
                          [-9.443, 14.393],
                          [-9.443, 8.039],
                          [17.295, -18.712],
                          [23.646, -18.712]
                        ],
                        "c": true
                      }
                    ]
                  },
                  {
                    "t": 30,
                    "s": [
                      {
                        "i": [
                          [0, 0],
                          [1.754, -1.755],
                          [0, 0],
                          [1.754, 1.755],
                          [0, 0],
                          [-1.754, 1.755],
                          [0, 0],
                          [-1.754, -1.755]
                        ],
                        "o": [
                          [1.754, 1.755],
                          [0, 0],
                          [-1.754, 1.755],
                          [0, 0],
                          [-1.754, -1.755],
                          [0, 0],
                          [1.754, -1.755],
                          [0, 0]
                        ],
                        "v": [
                          [21.869, -14.393],
                          [21.869, -8.039],
                          [-1.822, 15.664],
                          [-8.173, 15.664],
                          [-9.443, 14.393],
                          [-9.443, 8.039],
                          [14.249, -15.664],
                          [20.599, -15.664]
                        ],
                        "c": true
                      }
                    ]
                  }
                ],
                "ix": 2
              },
              "nm": "Path 2",
              "mn": "ADBE Vector Shape - Group",
              "hd": false
            },
            {
              "ty": "fl",
              "c": {
                "a": 0,
                "k": [1, 0.976999938488, 0.975000023842, 1],
                "ix": 4
              },
              "o": { "a": 0, "k": 100, "ix": 5 },
              "r": 1,
              "bm": 0,
              "nm": "Fill 1",
              "mn": "ADBE Vector Graphic - Fill",
              "hd": false
            },
            {
              "ty": "tr",
              "p": { "a": 0, "k": [0, 0], "ix": 2 },
              "a": { "a": 0, "k": [0, 0], "ix": 1 },
              "s": { "a": 0, "k": [300, 300], "ix": 3 },
              "r": { "a": 0, "k": 0, "ix": 6 },
              "o": { "a": 0, "k": 100, "ix": 7 },
              "sk": { "a": 0, "k": 0, "ix": 4 },
              "sa": { "a": 0, "k": 0, "ix": 5 },
              "nm": "Transform"
            }
          ],
          "nm": "Vector",
          "np": 3,
          "cix": 2,
          "bm": 0,
          "ix": 1,
          "mn": "ADBE Vector Group",
          "hd": false
        }
      ],
      "ip": 18,
      "op": 152,
      "st": 2,
      "bm": 0
    },
    {
      "ddd": 1,
      "ind": 2,
      "ty": 0,
      "nm": "green",
      "refId": "comp_0",
      "sr": 1,
      "ks": {
        "o": { "a": 0, "k": 100, "ix": 11 },
        "rx": { "a": 0, "k": 0, "ix": 8 },
        "ry": {
          "a": 1,
          "k": [
            {
              "i": { "x": [0.667], "y": [1] },
              "o": { "x": [0.167], "y": [0.167] },
              "t": 0,
              "s": [90]
            },
            {
              "i": { "x": [0.667], "y": [1] },
              "o": { "x": [0.333], "y": [0] },
              "t": 16,
              "s": [380]
            },
            {
              "i": { "x": [0.667], "y": [1] },
              "o": { "x": [0.333], "y": [0] },
              "t": 22,
              "s": [340]
            },
            {
              "i": { "x": [0.833], "y": [1] },
              "o": { "x": [0.167], "y": [0] },
              "t": 27,
              "s": [370]
            },
            { "t": 30, "s": [360] }
          ],
          "ix": 9
        },
        "rz": { "a": 0, "k": 0, "ix": 10 },
        "or": { "a": 0, "k": [0, 0, 0], "ix": 7 },
        "p": { "a": 0, "k": [310, 310, 24], "ix": 2 },
        "a": { "a": 0, "k": [180, 180, 20], "ix": 1 },
        "s": {
          "a": 1,
          "k": [
            {
              "i": { "x": [0.833, 0.833, 0.833], "y": [0.833, 0.833, 0.833] },
              "o": { "x": [0.5, 0.5, 0.5], "y": [0, 0, 0] },
              "t": 0,
              "s": [0, 0, 0]
            },
            { "t": 16, "s": [120, 120, 120] }
          ],
          "ix": 6
        }
      },
      "ao": 0,
      "w": 360,
      "h": 360,
      "ip": 0,
      "op": 150,
      "st": 0,
      "bm": 0
    },
    {
      "ddd": 1,
      "ind": 3,
      "ty": 4,
      "nm": "Ellipse 1",
      "parent": 2,
      "sr": 1,
      "ks": {
        "o": { "a": 0, "k": 100, "ix": 11 },
        "rx": { "a": 0, "k": 0, "ix": 8 },
        "ry": { "a": 0, "k": 0, "ix": 9 },
        "rz": { "a": 0, "k": 0, "ix": 10 },
        "or": { "a": 0, "k": [0, 0, 0], "ix": 7 },
        "p": { "a": 0, "k": [180.001, 180.003, 45], "ix": 2 },
        "a": { "a": 0, "k": [0, 0, 0], "ix": 1 },
        "s": {
          "a": 1,
          "k": [
            {
              "i": { "x": [0.833, 0.833, 0.833], "y": [0.833, 0.833, 0.833] },
              "o": { "x": [0.167, 0.167, 0.167], "y": [0.167, 0.167, 0.167] },
              "t": 9,
              "s": [0, 0, 0]
            },
            { "t": 28, "s": [97.208, 97.208, 97.208] }
          ],
          "ix": 6
        }
      },
      "ao": 0,
      "shapes": [
        {
          "ty": "gr",
          "it": [
            {
              "d": 1,
              "ty": "el",
              "s": { "a": 0, "k": [105.949, 106], "ix": 2 },
              "p": { "a": 0, "k": [0, 0], "ix": 3 },
              "nm": "Ellipse Path 1",
              "mn": "ADBE Vector Shape - Ellipse",
              "hd": false
            },
            {
              "ty": "fl",
              "c": {
                "a": 0,
                "k": [
                  0.908720850945, 0.979166686535, 0.807812511921, 0.649999976158
                ],
                "ix": 4
              },
              "o": { "a": 0, "k": 65, "ix": 5 },
              "r": 1,
              "bm": 0,
              "nm": "Fill 1",
              "mn": "ADBE Vector Graphic - Fill",
              "hd": false
            },
            {
              "ty": "tr",
              "p": { "a": 0, "k": [0, 0], "ix": 2 },
              "a": { "a": 0, "k": [0, 0], "ix": 1 },
              "s": { "a": 0, "k": [300, 300], "ix": 3 },
              "r": { "a": 0, "k": 0, "ix": 6 },
              "o": { "a": 0, "k": 100, "ix": 7 },
              "sk": { "a": 0, "k": 0, "ix": 4 },
              "sa": { "a": 0, "k": 0, "ix": 5 },
              "nm": "Transform"
            }
          ],
          "nm": "Ellipse 1",
          "np": 2,
          "cix": 2,
          "bm": 0,
          "ix": 1,
          "mn": "ADBE Vector Group",
          "hd": false
        }
      ],
      "ip": 0,
      "op": 150,
      "st": 0,
      "bm": 0
    },
    {
      "ddd": 0,
      "ind": 4,
      "ty": 4,
      "nm": "Shape Layer 5",
      "parent": 2,
      "sr": 1,
      "ks": {
        "o": { "a": 0, "k": 100, "ix": 11 },
        "r": { "a": 0, "k": 315, "ix": 10 },
        "p": { "a": 0, "k": [180, 178.75, 0], "ix": 2 },
        "a": { "a": 0, "k": [0, 0, 0], "ix": 1 },
        "s": { "a": 0, "k": [100, 100, 100], "ix": 6 }
      },
      "ao": 0,
      "shapes": [
        {
          "ty": "gr",
          "it": [
            {
              "ind": 0,
              "ty": "sh",
              "ix": 1,
              "ks": {
                "a": 0,
                "k": {
                  "i": [
                    [0, 0],
                    [0, 0]
                  ],
                  "o": [
                    [0, 0],
                    [0, 0]
                  ],
                  "v": [
                    [0, -106.5],
                    [0, -263.5]
                  ],
                  "c": false
                },
                "ix": 2
              },
              "nm": "Path 1",
              "mn": "ADBE Vector Shape - Group",
              "hd": false
            },
            {
              "ty": "tm",
              "s": {
                "a": 1,
                "k": [
                  {
                    "i": { "x": [0.833], "y": [0.833] },
                    "o": { "x": [0.167], "y": [0.167] },
                    "t": 12,
                    "s": [0]
                  },
                  {
                    "i": { "x": [0.667], "y": [1] },
                    "o": { "x": [0.167], "y": [0.167] },
                    "t": 17,
                    "s": [0]
                  },
                  { "t": 22, "s": [100] }
                ],
                "ix": 1
              },
              "e": {
                "a": 1,
                "k": [
                  {
                    "i": { "x": [0.833], "y": [0.833] },
                    "o": { "x": [0.167], "y": [0.167] },
                    "t": 12,
                    "s": [0]
                  },
                  {
                    "i": { "x": [0.667], "y": [1] },
                    "o": { "x": [0.167], "y": [0.167] },
                    "t": 17,
                    "s": [60]
                  },
                  { "t": 22, "s": [100] }
                ],
                "ix": 2
              },
              "o": { "a": 0, "k": 0, "ix": 3 },
              "m": 1,
              "ix": 2,
              "nm": "Trim Paths 1",
              "mn": "ADBE Vector Filter - Trim",
              "hd": false
            },
            {
              "ty": "st",
              "c": {
                "a": 0,
                "k": [0.830661475658, 0.893229186535, 0.742989361286, 1],
                "ix": 3
              },
              "o": { "a": 0, "k": 100, "ix": 4 },
              "w": { "a": 0, "k": 10, "ix": 5 },
              "lc": 2,
              "lj": 1,
              "ml": 4,
              "bm": 0,
              "nm": "Stroke 1",
              "mn": "ADBE Vector Graphic - Stroke",
              "hd": false
            },
            {
              "ty": "fl",
              "c": { "a": 0, "k": [1, 0, 0, 1], "ix": 4 },
              "o": { "a": 0, "k": 100, "ix": 5 },
              "r": 1,
              "bm": 0,
              "nm": "Fill 1",
              "mn": "ADBE Vector Graphic - Fill",
              "hd": false
            },
            {
              "ty": "tr",
              "p": { "a": 0, "k": [0, 0], "ix": 2 },
              "a": { "a": 0, "k": [0, 0], "ix": 1 },
              "s": { "a": 0, "k": [100, 100], "ix": 3 },
              "r": { "a": 0, "k": 0, "ix": 6 },
              "o": { "a": 0, "k": 100, "ix": 7 },
              "sk": { "a": 0, "k": 0, "ix": 4 },
              "sa": { "a": 0, "k": 0, "ix": 5 },
              "nm": "Transform"
            }
          ],
          "nm": "Shape 1",
          "np": 4,
          "cix": 2,
          "bm": 0,
          "ix": 1,
          "mn": "ADBE Vector Group",
          "hd": false
        }
      ],
      "ip": 12,
      "op": 151,
      "st": 1,
      "bm": 0
    },
    {
      "ddd": 0,
      "ind": 5,
      "ty": 4,
      "nm": "Shape Layer 4",
      "parent": 2,
      "sr": 1,
      "ks": {
        "o": { "a": 0, "k": 100, "ix": 11 },
        "r": { "a": 0, "k": 270, "ix": 10 },
        "p": { "a": 0, "k": [180, 178.75, 0], "ix": 2 },
        "a": { "a": 0, "k": [0, 0, 0], "ix": 1 },
        "s": { "a": 0, "k": [100, 100, 100], "ix": 6 }
      },
      "ao": 0,
      "shapes": [
        {
          "ty": "gr",
          "it": [
            {
              "ind": 0,
              "ty": "sh",
              "ix": 1,
              "ks": {
                "a": 0,
                "k": {
                  "i": [
                    [0, 0],
                    [0, 0]
                  ],
                  "o": [
                    [0, 0],
                    [0, 0]
                  ],
                  "v": [
                    [0, -106.5],
                    [0, -263.5]
                  ],
                  "c": false
                },
                "ix": 2
              },
              "nm": "Path 1",
              "mn": "ADBE Vector Shape - Group",
              "hd": false
            },
            {
              "ty": "tm",
              "s": {
                "a": 1,
                "k": [
                  {
                    "i": { "x": [0.833], "y": [0.833] },
                    "o": { "x": [0.167], "y": [0.167] },
                    "t": 12,
                    "s": [0]
                  },
                  {
                    "i": { "x": [0.667], "y": [1] },
                    "o": { "x": [0.167], "y": [0.167] },
                    "t": 17,
                    "s": [0]
                  },
                  { "t": 22, "s": [100] }
                ],
                "ix": 1
              },
              "e": {
                "a": 1,
                "k": [
                  {
                    "i": { "x": [0.833], "y": [0.833] },
                    "o": { "x": [0.167], "y": [0.167] },
                    "t": 12,
                    "s": [0]
                  },
                  {
                    "i": { "x": [0.667], "y": [1] },
                    "o": { "x": [0.167], "y": [0.167] },
                    "t": 17,
                    "s": [60]
                  },
                  { "t": 22, "s": [100] }
                ],
                "ix": 2
              },
              "o": { "a": 0, "k": 0, "ix": 3 },
              "m": 1,
              "ix": 2,
              "nm": "Trim Paths 1",
              "mn": "ADBE Vector Filter - Trim",
              "hd": false
            },
            {
              "ty": "st",
              "c": {
                "a": 0,
                "k": [0.830661475658, 0.893229186535, 0.742989361286, 1],
                "ix": 3
              },
              "o": { "a": 0, "k": 100, "ix": 4 },
              "w": { "a": 0, "k": 10, "ix": 5 },
              "lc": 2,
              "lj": 1,
              "ml": 4,
              "bm": 0,
              "nm": "Stroke 1",
              "mn": "ADBE Vector Graphic - Stroke",
              "hd": false
            },
            {
              "ty": "fl",
              "c": { "a": 0, "k": [1, 0, 0, 1], "ix": 4 },
              "o": { "a": 0, "k": 100, "ix": 5 },
              "r": 1,
              "bm": 0,
              "nm": "Fill 1",
              "mn": "ADBE Vector Graphic - Fill",
              "hd": false
            },
            {
              "ty": "tr",
              "p": { "a": 0, "k": [0, 0], "ix": 2 },
              "a": { "a": 0, "k": [0, 0], "ix": 1 },
              "s": { "a": 0, "k": [100, 100], "ix": 3 },
              "r": { "a": 0, "k": 0, "ix": 6 },
              "o": { "a": 0, "k": 100, "ix": 7 },
              "sk": { "a": 0, "k": 0, "ix": 4 },
              "sa": { "a": 0, "k": 0, "ix": 5 },
              "nm": "Transform"
            }
          ],
          "nm": "Shape 1",
          "np": 4,
          "cix": 2,
          "bm": 0,
          "ix": 1,
          "mn": "ADBE Vector Group",
          "hd": false
        }
      ],
      "ip": 12,
      "op": 151,
      "st": 1,
      "bm": 0
    },
    {
      "ddd": 0,
      "ind": 6,
      "ty": 4,
      "nm": "Shape Layer 6",
      "parent": 2,
      "sr": 1,
      "ks": {
        "o": { "a": 0, "k": 100, "ix": 11 },
        "r": { "a": 0, "k": 225, "ix": 10 },
        "p": { "a": 0, "k": [180, 178.75, 0], "ix": 2 },
        "a": { "a": 0, "k": [0, 0, 0], "ix": 1 },
        "s": { "a": 0, "k": [100, 100, 100], "ix": 6 }
      },
      "ao": 0,
      "shapes": [
        {
          "ty": "gr",
          "it": [
            {
              "ind": 0,
              "ty": "sh",
              "ix": 1,
              "ks": {
                "a": 0,
                "k": {
                  "i": [
                    [0, 0],
                    [0, 0]
                  ],
                  "o": [
                    [0, 0],
                    [0, 0]
                  ],
                  "v": [
                    [0, -106.5],
                    [0, -263.5]
                  ],
                  "c": false
                },
                "ix": 2
              },
              "nm": "Path 1",
              "mn": "ADBE Vector Shape - Group",
              "hd": false
            },
            {
              "ty": "tm",
              "s": {
                "a": 1,
                "k": [
                  {
                    "i": { "x": [0.833], "y": [0.833] },
                    "o": { "x": [0.167], "y": [0.167] },
                    "t": 12,
                    "s": [0]
                  },
                  {
                    "i": { "x": [0.667], "y": [1] },
                    "o": { "x": [0.167], "y": [0.167] },
                    "t": 17,
                    "s": [0]
                  },
                  { "t": 22, "s": [100] }
                ],
                "ix": 1
              },
              "e": {
                "a": 1,
                "k": [
                  {
                    "i": { "x": [0.833], "y": [0.833] },
                    "o": { "x": [0.167], "y": [0.167] },
                    "t": 12,
                    "s": [0]
                  },
                  {
                    "i": { "x": [0.667], "y": [1] },
                    "o": { "x": [0.167], "y": [0.167] },
                    "t": 17,
                    "s": [60]
                  },
                  { "t": 22, "s": [100] }
                ],
                "ix": 2
              },
              "o": { "a": 0, "k": 0, "ix": 3 },
              "m": 1,
              "ix": 2,
              "nm": "Trim Paths 1",
              "mn": "ADBE Vector Filter - Trim",
              "hd": false
            },
            {
              "ty": "st",
              "c": {
                "a": 0,
                "k": [0.830661475658, 0.893229186535, 0.742989361286, 1],
                "ix": 3
              },
              "o": { "a": 0, "k": 100, "ix": 4 },
              "w": { "a": 0, "k": 10, "ix": 5 },
              "lc": 2,
              "lj": 1,
              "ml": 4,
              "bm": 0,
              "nm": "Stroke 1",
              "mn": "ADBE Vector Graphic - Stroke",
              "hd": false
            },
            {
              "ty": "fl",
              "c": { "a": 0, "k": [1, 0, 0, 1], "ix": 4 },
              "o": { "a": 0, "k": 100, "ix": 5 },
              "r": 1,
              "bm": 0,
              "nm": "Fill 1",
              "mn": "ADBE Vector Graphic - Fill",
              "hd": false
            },
            {
              "ty": "tr",
              "p": { "a": 0, "k": [0, 0], "ix": 2 },
              "a": { "a": 0, "k": [0, 0], "ix": 1 },
              "s": { "a": 0, "k": [100, 100], "ix": 3 },
              "r": { "a": 0, "k": 0, "ix": 6 },
              "o": { "a": 0, "k": 100, "ix": 7 },
              "sk": { "a": 0, "k": 0, "ix": 4 },
              "sa": { "a": 0, "k": 0, "ix": 5 },
              "nm": "Transform"
            }
          ],
          "nm": "Shape 1",
          "np": 4,
          "cix": 2,
          "bm": 0,
          "ix": 1,
          "mn": "ADBE Vector Group",
          "hd": false
        }
      ],
      "ip": 12,
      "op": 151,
      "st": 1,
      "bm": 0
    },
    {
      "ddd": 0,
      "ind": 7,
      "ty": 4,
      "nm": "Shape Layer 3",
      "parent": 2,
      "sr": 1,
      "ks": {
        "o": { "a": 0, "k": 100, "ix": 11 },
        "r": { "a": 0, "k": 180, "ix": 10 },
        "p": { "a": 0, "k": [180, 178.75, 0], "ix": 2 },
        "a": { "a": 0, "k": [0, 0, 0], "ix": 1 },
        "s": { "a": 0, "k": [100, 100, 100], "ix": 6 }
      },
      "ao": 0,
      "shapes": [
        {
          "ty": "gr",
          "it": [
            {
              "ind": 0,
              "ty": "sh",
              "ix": 1,
              "ks": {
                "a": 0,
                "k": {
                  "i": [
                    [0, 0],
                    [0, 0]
                  ],
                  "o": [
                    [0, 0],
                    [0, 0]
                  ],
                  "v": [
                    [0, -106.5],
                    [0, -263.5]
                  ],
                  "c": false
                },
                "ix": 2
              },
              "nm": "Path 1",
              "mn": "ADBE Vector Shape - Group",
              "hd": false
            },
            {
              "ty": "tm",
              "s": {
                "a": 1,
                "k": [
                  {
                    "i": { "x": [0.833], "y": [0.833] },
                    "o": { "x": [0.167], "y": [0.167] },
                    "t": 12,
                    "s": [0]
                  },
                  {
                    "i": { "x": [0.667], "y": [1] },
                    "o": { "x": [0.167], "y": [0.167] },
                    "t": 17,
                    "s": [0]
                  },
                  { "t": 22, "s": [100] }
                ],
                "ix": 1
              },
              "e": {
                "a": 1,
                "k": [
                  {
                    "i": { "x": [0.833], "y": [0.833] },
                    "o": { "x": [0.167], "y": [0.167] },
                    "t": 12,
                    "s": [0]
                  },
                  {
                    "i": { "x": [0.667], "y": [1] },
                    "o": { "x": [0.167], "y": [0.167] },
                    "t": 17,
                    "s": [60]
                  },
                  { "t": 22, "s": [100] }
                ],
                "ix": 2
              },
              "o": { "a": 0, "k": 0, "ix": 3 },
              "m": 1,
              "ix": 2,
              "nm": "Trim Paths 1",
              "mn": "ADBE Vector Filter - Trim",
              "hd": false
            },
            {
              "ty": "st",
              "c": {
                "a": 0,
                "k": [0.830661475658, 0.893229186535, 0.742989361286, 1],
                "ix": 3
              },
              "o": { "a": 0, "k": 100, "ix": 4 },
              "w": { "a": 0, "k": 10, "ix": 5 },
              "lc": 2,
              "lj": 1,
              "ml": 4,
              "bm": 0,
              "nm": "Stroke 1",
              "mn": "ADBE Vector Graphic - Stroke",
              "hd": false
            },
            {
              "ty": "fl",
              "c": { "a": 0, "k": [1, 0, 0, 1], "ix": 4 },
              "o": { "a": 0, "k": 100, "ix": 5 },
              "r": 1,
              "bm": 0,
              "nm": "Fill 1",
              "mn": "ADBE Vector Graphic - Fill",
              "hd": false
            },
            {
              "ty": "tr",
              "p": { "a": 0, "k": [0, 0], "ix": 2 },
              "a": { "a": 0, "k": [0, 0], "ix": 1 },
              "s": { "a": 0, "k": [100, 100], "ix": 3 },
              "r": { "a": 0, "k": 0, "ix": 6 },
              "o": { "a": 0, "k": 100, "ix": 7 },
              "sk": { "a": 0, "k": 0, "ix": 4 },
              "sa": { "a": 0, "k": 0, "ix": 5 },
              "nm": "Transform"
            }
          ],
          "nm": "Shape 1",
          "np": 4,
          "cix": 2,
          "bm": 0,
          "ix": 1,
          "mn": "ADBE Vector Group",
          "hd": false
        }
      ],
      "ip": 12,
      "op": 151,
      "st": 1,
      "bm": 0
    },
    {
      "ddd": 0,
      "ind": 8,
      "ty": 4,
      "nm": "Shape Layer 8",
      "parent": 2,
      "sr": 1,
      "ks": {
        "o": { "a": 0, "k": 100, "ix": 11 },
        "r": { "a": 0, "k": 135, "ix": 10 },
        "p": { "a": 0, "k": [180, 178.75, 0], "ix": 2 },
        "a": { "a": 0, "k": [0, 0, 0], "ix": 1 },
        "s": { "a": 0, "k": [100, 100, 100], "ix": 6 }
      },
      "ao": 0,
      "shapes": [
        {
          "ty": "gr",
          "it": [
            {
              "ind": 0,
              "ty": "sh",
              "ix": 1,
              "ks": {
                "a": 0,
                "k": {
                  "i": [
                    [0, 0],
                    [0, 0]
                  ],
                  "o": [
                    [0, 0],
                    [0, 0]
                  ],
                  "v": [
                    [0, -106.5],
                    [0, -263.5]
                  ],
                  "c": false
                },
                "ix": 2
              },
              "nm": "Path 1",
              "mn": "ADBE Vector Shape - Group",
              "hd": false
            },
            {
              "ty": "tm",
              "s": {
                "a": 1,
                "k": [
                  {
                    "i": { "x": [0.833], "y": [0.833] },
                    "o": { "x": [0.167], "y": [0.167] },
                    "t": 12,
                    "s": [0]
                  },
                  {
                    "i": { "x": [0.667], "y": [1] },
                    "o": { "x": [0.167], "y": [0.167] },
                    "t": 17,
                    "s": [0]
                  },
                  { "t": 22, "s": [100] }
                ],
                "ix": 1
              },
              "e": {
                "a": 1,
                "k": [
                  {
                    "i": { "x": [0.833], "y": [0.833] },
                    "o": { "x": [0.167], "y": [0.167] },
                    "t": 12,
                    "s": [0]
                  },
                  {
                    "i": { "x": [0.667], "y": [1] },
                    "o": { "x": [0.167], "y": [0.167] },
                    "t": 17,
                    "s": [60]
                  },
                  { "t": 22, "s": [100] }
                ],
                "ix": 2
              },
              "o": { "a": 0, "k": 0, "ix": 3 },
              "m": 1,
              "ix": 2,
              "nm": "Trim Paths 1",
              "mn": "ADBE Vector Filter - Trim",
              "hd": false
            },
            {
              "ty": "st",
              "c": {
                "a": 0,
                "k": [0.830661475658, 0.893229186535, 0.742989361286, 1],
                "ix": 3
              },
              "o": { "a": 0, "k": 100, "ix": 4 },
              "w": { "a": 0, "k": 10, "ix": 5 },
              "lc": 2,
              "lj": 1,
              "ml": 4,
              "bm": 0,
              "nm": "Stroke 1",
              "mn": "ADBE Vector Graphic - Stroke",
              "hd": false
            },
            {
              "ty": "fl",
              "c": { "a": 0, "k": [1, 0, 0, 1], "ix": 4 },
              "o": { "a": 0, "k": 100, "ix": 5 },
              "r": 1,
              "bm": 0,
              "nm": "Fill 1",
              "mn": "ADBE Vector Graphic - Fill",
              "hd": false
            },
            {
              "ty": "tr",
              "p": { "a": 0, "k": [0, 0], "ix": 2 },
              "a": { "a": 0, "k": [0, 0], "ix": 1 },
              "s": { "a": 0, "k": [100, 100], "ix": 3 },
              "r": { "a": 0, "k": 0, "ix": 6 },
              "o": { "a": 0, "k": 100, "ix": 7 },
              "sk": { "a": 0, "k": 0, "ix": 4 },
              "sa": { "a": 0, "k": 0, "ix": 5 },
              "nm": "Transform"
            }
          ],
          "nm": "Shape 1",
          "np": 4,
          "cix": 2,
          "bm": 0,
          "ix": 1,
          "mn": "ADBE Vector Group",
          "hd": false
        }
      ],
      "ip": 12,
      "op": 151,
      "st": 1,
      "bm": 0
    },
    {
      "ddd": 0,
      "ind": 9,
      "ty": 4,
      "nm": "Shape Layer 2",
      "parent": 2,
      "sr": 1,
      "ks": {
        "o": { "a": 0, "k": 100, "ix": 11 },
        "r": { "a": 0, "k": 90, "ix": 10 },
        "p": { "a": 0, "k": [180, 178.75, 0], "ix": 2 },
        "a": { "a": 0, "k": [0, 0, 0], "ix": 1 },
        "s": { "a": 0, "k": [100, 100, 100], "ix": 6 }
      },
      "ao": 0,
      "shapes": [
        {
          "ty": "gr",
          "it": [
            {
              "ind": 0,
              "ty": "sh",
              "ix": 1,
              "ks": {
                "a": 0,
                "k": {
                  "i": [
                    [0, 0],
                    [0, 0]
                  ],
                  "o": [
                    [0, 0],
                    [0, 0]
                  ],
                  "v": [
                    [0, -106.5],
                    [0, -263.5]
                  ],
                  "c": false
                },
                "ix": 2
              },
              "nm": "Path 1",
              "mn": "ADBE Vector Shape - Group",
              "hd": false
            },
            {
              "ty": "tm",
              "s": {
                "a": 1,
                "k": [
                  {
                    "i": { "x": [0.833], "y": [0.833] },
                    "o": { "x": [0.167], "y": [0.167] },
                    "t": 12,
                    "s": [0]
                  },
                  {
                    "i": { "x": [0.667], "y": [1] },
                    "o": { "x": [0.167], "y": [0.167] },
                    "t": 17,
                    "s": [0]
                  },
                  { "t": 22, "s": [100] }
                ],
                "ix": 1
              },
              "e": {
                "a": 1,
                "k": [
                  {
                    "i": { "x": [0.833], "y": [0.833] },
                    "o": { "x": [0.167], "y": [0.167] },
                    "t": 12,
                    "s": [0]
                  },
                  {
                    "i": { "x": [0.667], "y": [1] },
                    "o": { "x": [0.167], "y": [0.167] },
                    "t": 17,
                    "s": [60]
                  },
                  { "t": 22, "s": [100] }
                ],
                "ix": 2
              },
              "o": { "a": 0, "k": 0, "ix": 3 },
              "m": 1,
              "ix": 2,
              "nm": "Trim Paths 1",
              "mn": "ADBE Vector Filter - Trim",
              "hd": false
            },
            {
              "ty": "st",
              "c": {
                "a": 0,
                "k": [0.830661475658, 0.893229186535, 0.742989361286, 1],
                "ix": 3
              },
              "o": { "a": 0, "k": 100, "ix": 4 },
              "w": { "a": 0, "k": 10, "ix": 5 },
              "lc": 2,
              "lj": 1,
              "ml": 4,
              "bm": 0,
              "nm": "Stroke 1",
              "mn": "ADBE Vector Graphic - Stroke",
              "hd": false
            },
            {
              "ty": "fl",
              "c": { "a": 0, "k": [1, 0, 0, 1], "ix": 4 },
              "o": { "a": 0, "k": 100, "ix": 5 },
              "r": 1,
              "bm": 0,
              "nm": "Fill 1",
              "mn": "ADBE Vector Graphic - Fill",
              "hd": false
            },
            {
              "ty": "tr",
              "p": { "a": 0, "k": [0, 0], "ix": 2 },
              "a": { "a": 0, "k": [0, 0], "ix": 1 },
              "s": { "a": 0, "k": [100, 100], "ix": 3 },
              "r": { "a": 0, "k": 0, "ix": 6 },
              "o": { "a": 0, "k": 100, "ix": 7 },
              "sk": { "a": 0, "k": 0, "ix": 4 },
              "sa": { "a": 0, "k": 0, "ix": 5 },
              "nm": "Transform"
            }
          ],
          "nm": "Shape 1",
          "np": 4,
          "cix": 2,
          "bm": 0,
          "ix": 1,
          "mn": "ADBE Vector Group",
          "hd": false
        }
      ],
      "ip": 12,
      "op": 151,
      "st": 1,
      "bm": 0
    },
    {
      "ddd": 0,
      "ind": 10,
      "ty": 4,
      "nm": "Shape Layer 7",
      "parent": 2,
      "sr": 1,
      "ks": {
        "o": { "a": 0, "k": 100, "ix": 11 },
        "r": { "a": 0, "k": 45, "ix": 10 },
        "p": { "a": 0, "k": [180, 178.75, 0], "ix": 2 },
        "a": { "a": 0, "k": [0, 0, 0], "ix": 1 },
        "s": { "a": 0, "k": [100, 100, 100], "ix": 6 }
      },
      "ao": 0,
      "shapes": [
        {
          "ty": "gr",
          "it": [
            {
              "ind": 0,
              "ty": "sh",
              "ix": 1,
              "ks": {
                "a": 0,
                "k": {
                  "i": [
                    [0, 0],
                    [0, 0]
                  ],
                  "o": [
                    [0, 0],
                    [0, 0]
                  ],
                  "v": [
                    [0, -106.5],
                    [0, -263.5]
                  ],
                  "c": false
                },
                "ix": 2
              },
              "nm": "Path 1",
              "mn": "ADBE Vector Shape - Group",
              "hd": false
            },
            {
              "ty": "tm",
              "s": {
                "a": 1,
                "k": [
                  {
                    "i": { "x": [0.833], "y": [0.833] },
                    "o": { "x": [0.167], "y": [0.167] },
                    "t": 12,
                    "s": [0]
                  },
                  {
                    "i": { "x": [0.667], "y": [1] },
                    "o": { "x": [0.167], "y": [0.167] },
                    "t": 17,
                    "s": [0]
                  },
                  { "t": 22, "s": [100] }
                ],
                "ix": 1
              },
              "e": {
                "a": 1,
                "k": [
                  {
                    "i": { "x": [0.833], "y": [0.833] },
                    "o": { "x": [0.167], "y": [0.167] },
                    "t": 12,
                    "s": [0]
                  },
                  {
                    "i": { "x": [0.667], "y": [1] },
                    "o": { "x": [0.167], "y": [0.167] },
                    "t": 17,
                    "s": [60]
                  },
                  { "t": 22, "s": [100] }
                ],
                "ix": 2
              },
              "o": { "a": 0, "k": 0, "ix": 3 },
              "m": 1,
              "ix": 2,
              "nm": "Trim Paths 1",
              "mn": "ADBE Vector Filter - Trim",
              "hd": false
            },
            {
              "ty": "st",
              "c": {
                "a": 0,
                "k": [0.830661475658, 0.893229186535, 0.742989361286, 1],
                "ix": 3
              },
              "o": { "a": 0, "k": 100, "ix": 4 },
              "w": { "a": 0, "k": 10, "ix": 5 },
              "lc": 2,
              "lj": 1,
              "ml": 4,
              "bm": 0,
              "nm": "Stroke 1",
              "mn": "ADBE Vector Graphic - Stroke",
              "hd": false
            },
            {
              "ty": "fl",
              "c": { "a": 0, "k": [1, 0, 0, 1], "ix": 4 },
              "o": { "a": 0, "k": 100, "ix": 5 },
              "r": 1,
              "bm": 0,
              "nm": "Fill 1",
              "mn": "ADBE Vector Graphic - Fill",
              "hd": false
            },
            {
              "ty": "tr",
              "p": { "a": 0, "k": [0, 0], "ix": 2 },
              "a": { "a": 0, "k": [0, 0], "ix": 1 },
              "s": { "a": 0, "k": [100, 100], "ix": 3 },
              "r": { "a": 0, "k": 0, "ix": 6 },
              "o": { "a": 0, "k": 100, "ix": 7 },
              "sk": { "a": 0, "k": 0, "ix": 4 },
              "sa": { "a": 0, "k": 0, "ix": 5 },
              "nm": "Transform"
            }
          ],
          "nm": "Shape 1",
          "np": 4,
          "cix": 2,
          "bm": 0,
          "ix": 1,
          "mn": "ADBE Vector Group",
          "hd": false
        }
      ],
      "ip": 12,
      "op": 151,
      "st": 1,
      "bm": 0
    },
    {
      "ddd": 0,
      "ind": 11,
      "ty": 4,
      "nm": "Shape Layer 1",
      "parent": 2,
      "sr": 1,
      "ks": {
        "o": { "a": 0, "k": 100, "ix": 11 },
        "r": { "a": 0, "k": 0, "ix": 10 },
        "p": { "a": 0, "k": [180, 178.75, 0], "ix": 2 },
        "a": { "a": 0, "k": [0, 0, 0], "ix": 1 },
        "s": { "a": 0, "k": [100, 100, 100], "ix": 6 }
      },
      "ao": 0,
      "shapes": [
        {
          "ty": "gr",
          "it": [
            {
              "ind": 0,
              "ty": "sh",
              "ix": 1,
              "ks": {
                "a": 0,
                "k": {
                  "i": [
                    [0, 0],
                    [0, 0]
                  ],
                  "o": [
                    [0, 0],
                    [0, 0]
                  ],
                  "v": [
                    [0, -106.5],
                    [0, -263.5]
                  ],
                  "c": false
                },
                "ix": 2
              },
              "nm": "Path 1",
              "mn": "ADBE Vector Shape - Group",
              "hd": false
            },
            {
              "ty": "tm",
              "s": {
                "a": 1,
                "k": [
                  {
                    "i": { "x": [0.833], "y": [0.833] },
                    "o": { "x": [0.167], "y": [0.167] },
                    "t": 12,
                    "s": [0]
                  },
                  {
                    "i": { "x": [0.667], "y": [1] },
                    "o": { "x": [0.167], "y": [0.167] },
                    "t": 17,
                    "s": [0]
                  },
                  { "t": 22, "s": [100] }
                ],
                "ix": 1
              },
              "e": {
                "a": 1,
                "k": [
                  {
                    "i": { "x": [0.833], "y": [0.833] },
                    "o": { "x": [0.167], "y": [0.167] },
                    "t": 12,
                    "s": [0]
                  },
                  {
                    "i": { "x": [0.667], "y": [1] },
                    "o": { "x": [0.167], "y": [0.167] },
                    "t": 17,
                    "s": [60]
                  },
                  { "t": 22, "s": [100] }
                ],
                "ix": 2
              },
              "o": { "a": 0, "k": 0, "ix": 3 },
              "m": 1,
              "ix": 2,
              "nm": "Trim Paths 1",
              "mn": "ADBE Vector Filter - Trim",
              "hd": false
            },
            {
              "ty": "st",
              "c": {
                "a": 0,
                "k": [0.830661475658, 0.893229186535, 0.742989361286, 1],
                "ix": 3
              },
              "o": { "a": 0, "k": 100, "ix": 4 },
              "w": { "a": 0, "k": 10, "ix": 5 },
              "lc": 2,
              "lj": 1,
              "ml": 4,
              "bm": 0,
              "nm": "Stroke 1",
              "mn": "ADBE Vector Graphic - Stroke",
              "hd": false
            },
            {
              "ty": "fl",
              "c": { "a": 0, "k": [1, 0, 0, 1], "ix": 4 },
              "o": { "a": 0, "k": 100, "ix": 5 },
              "r": 1,
              "bm": 0,
              "nm": "Fill 1",
              "mn": "ADBE Vector Graphic - Fill",
              "hd": false
            },
            {
              "ty": "tr",
              "p": { "a": 0, "k": [0, 0], "ix": 2 },
              "a": { "a": 0, "k": [0, 0], "ix": 1 },
              "s": { "a": 0, "k": [100, 100], "ix": 3 },
              "r": { "a": 0, "k": 0, "ix": 6 },
              "o": { "a": 0, "k": 100, "ix": 7 },
              "sk": { "a": 0, "k": 0, "ix": 4 },
              "sa": { "a": 0, "k": 0, "ix": 5 },
              "nm": "Transform"
            }
          ],
          "nm": "Shape 1",
          "np": 4,
          "cix": 2,
          "bm": 0,
          "ix": 1,
          "mn": "ADBE Vector Group",
          "hd": false
        }
      ],
      "ip": 12,
      "op": 151,
      "st": 1,
      "bm": 0
    }
  ],
  "markers": []
}
